k2_is_secret_use_induction ,timeout,-1,"['collkeys', 'collmmax', 'colln', 'colladmax', 'n_reuse_2', 'reveal_nad']"
k2_is_secret_use_induction ,timeout,-1,"['collkeys', 'collmmax', 'colln', 'colladmax', 'n_reuse_2']"
k2_is_secret_use_induction ,timeout,-1,"['collkeys', 'collmmax', 'colln', 'n_reuse_2', 'reveal_nad']"
k2_is_secret_use_induction ,timeout,-1,"['collkeys', 'collmmax', 'colln', 'n_reuse_2']"
k2_is_secret_use_induction ,timeout,-1,"['collkeys', 'collmmax', 'collnmax', 'colladmax', 'n_reuse_2', 'reveal_nad']"
k2_is_secret_use_induction ,timeout,-1,"['collkeys', 'collmmax', 'collnmax', 'colladmax', 'n_reuse_2']"
k2_is_secret_use_induction ,timeout,-1,"['collkeys', 'collmmax', 'collnmax', 'n_reuse_2', 'reveal_nad']"
k2_is_secret_use_induction ,timeout,-1,"['collkeys', 'collmmax', 'collnmax', 'n_reuse_2']"
k2_is_secret_use_induction ,timeout,-1,"['collkeys', 'collmmax', 'colladmax', 'n_reuse_2', 'reveal_nad']"
k2_is_secret_use_induction ,timeout,-1,"['collkeys', 'collmmax', 'colladmax', 'n_reuse_2']"
k2_is_secret_use_induction ,timeout,-1,"['collkeys', 'collmmax', 'n_reuse_2', 'reveal_nad']"
k2_is_secret_use_induction ,timeout,-1,"['collkeys', 'collmmax', 'n_reuse_2']"
k2_is_secret_use_induction ,timeout,-1,"['collkeys', 'colln', 'colladmax', 'n_reuse_2', 'reveal_nad']"
k2_is_secret_use_induction ,timeout,-1,"['collkeys', 'colln', 'colladmax', 'n_reuse_2']"
k2_is_secret_use_induction ,timeout,-1,"['collkeys', 'colln', 'n_reuse_2', 'reveal_nad']"
k2_is_secret_use_induction ,timeout,-1,"['collkeys', 'colln', 'n_reuse_2']"
k2_is_secret_use_induction ,timeout,-1,"['collkeys', 'collnmax', 'colladmax', 'n_reuse_2', 'reveal_nad']"
k2_is_secret_use_induction ,timeout,-1,"['collkeys', 'collnmax', 'colladmax', 'n_reuse_2']"
k2_is_secret_use_induction ,timeout,-1,"['collkeys', 'collnmax', 'n_reuse_2', 'reveal_nad']"
k2_is_secret_use_induction ,timeout,-1,"['collkeys', 'collnmax', 'n_reuse_2']"
k2_is_secret_use_induction ,timeout,-1,"['collkeys', 'colladmax', 'n_reuse_2', 'reveal_nad']"
k2_is_secret_use_induction ,timeout,-1,"['collkeys', 'colladmax', 'n_reuse_2']"
k2_is_secret_use_induction ,timeout,-1,"['collkeys', 'n_reuse_2', 'reveal_nad']"
k2_is_secret_use_induction ,timeout,-1,"['collkeys', 'n_reuse_2']"
k2_is_secret_use_induction ,timeout,-1,"['collkey', 'collmmax', 'colln', 'colladmax', 'n_reuse_2', 'reveal_nad']"
k2_is_secret_use_induction ,timeout,-1,"['collkey', 'collmmax', 'colln', 'colladmax', 'n_reuse_2']"
k2_is_secret_use_induction ,timeout,-1,"['collkey', 'collmmax', 'colln', 'n_reuse_2', 'reveal_nad']"
k2_is_secret_use_induction ,timeout,-1,"['collkey', 'collmmax', 'colln', 'n_reuse_2']"
k2_is_secret_use_induction ,timeout,-1,"['collkey', 'collmmax', 'collnmax', 'colladmax', 'n_reuse_2', 'reveal_nad']"
k2_is_secret_use_induction ,timeout,-1,"['collkey', 'collmmax', 'collnmax', 'colladmax', 'n_reuse_2']"
k2_is_secret_use_induction ,timeout,-1,"['collkey', 'collmmax', 'collnmax', 'n_reuse_2', 'reveal_nad']"
k2_is_secret_use_induction ,timeout,-1,"['collkey', 'collmmax', 'collnmax', 'n_reuse_2']"
k2_is_secret_use_induction ,timeout,-1,"['collkey', 'collmmax', 'colladmax', 'n_reuse_2', 'reveal_nad']"
k2_is_secret_use_induction ,timeout,-1,"['collkey', 'collmmax', 'colladmax', 'n_reuse_2']"
k2_is_secret_use_induction ,timeout,-1,"['collkey', 'collmmax', 'n_reuse_2', 'reveal_nad']"
k2_is_secret_use_induction ,timeout,-1,"['collkey', 'collmmax', 'n_reuse_2']"
k2_is_secret_use_induction ,timeout,-1,"['collkey', 'colln', 'colladmax', 'n_reuse_2', 'reveal_nad']"
k2_is_secret_use_induction ,timeout,-1,"['collkey', 'colln', 'colladmax', 'n_reuse_2']"
k2_is_secret_use_induction ,timeout,-1,"['collkey', 'colln', 'n_reuse_2', 'reveal_nad']"
k2_is_secret_use_induction ,timeout,-1,"['collkey', 'colln', 'n_reuse_2']"
k2_is_secret_use_induction ,timeout,-1,"['collkey', 'collnmax', 'colladmax', 'n_reuse_2', 'reveal_nad']"
k2_is_secret_use_induction ,timeout,-1,"['collkey', 'collnmax', 'colladmax', 'n_reuse_2']"
k2_is_secret_use_induction ,timeout,-1,"['collkey', 'collnmax', 'n_reuse_2', 'reveal_nad']"
k2_is_secret_use_induction ,timeout,-1,"['collkey', 'collnmax', 'n_reuse_2']"
k2_is_secret_use_induction ,timeout,-1,"['collkey', 'colladmax', 'n_reuse_2', 'reveal_nad']"
k2_is_secret_use_induction ,timeout,-1,"['collkey', 'colladmax', 'n_reuse_2']"
k2_is_secret_use_induction ,timeout,-1,"['collkey', 'n_reuse_2', 'reveal_nad']"
k2_is_secret_use_induction ,timeout,-1,"['collkey', 'n_reuse_2']"
k2_is_secret_use_induction ,timeout,-1,"['collkeymax', 'collmmax', 'colln', 'colladmax', 'n_reuse_2', 'reveal_nad']"
k2_is_secret_use_induction ,timeout,-1,"['collkeymax', 'collmmax', 'colln', 'colladmax', 'n_reuse_2']"
k2_is_secret_use_induction ,timeout,-1,"['collkeymax', 'collmmax', 'colln', 'n_reuse_2', 'reveal_nad']"
k2_is_secret_use_induction ,timeout,-1,"['collkeymax', 'collmmax', 'colln', 'n_reuse_2']"
k2_is_secret_use_induction ,timeout,-1,"['collkeymax', 'collmmax', 'collnmax', 'colladmax', 'n_reuse_2', 'reveal_nad']"
k2_is_secret_use_induction ,timeout,-1,"['collkeymax', 'collmmax', 'collnmax', 'colladmax', 'n_reuse_2']"
k2_is_secret_use_induction ,True,7,"['collkeymax', 'collmmax', 'collnmax', 'colladmax', 'reveal_nad']"
k2_is_secret_use_induction ,timeout,-1,"['collkeymax', 'collmmax', 'collnmax', 'n_reuse_2', 'reveal_nad']"
k2_is_secret_use_induction ,timeout,-1,"['collkeymax', 'collmmax', 'collnmax', 'n_reuse_2']"
k2_is_secret_use_induction ,timeout,-1,"['collkeymax', 'collmmax', 'colladmax', 'n_reuse_2', 'reveal_nad']"
k2_is_secret_use_induction ,timeout,-1,"['collkeymax', 'collmmax', 'colladmax', 'n_reuse_2']"
k2_is_secret_use_induction ,timeout,-1,"['collkeymax', 'collmmax', 'n_reuse_2', 'reveal_nad']"
k2_is_secret_use_induction ,timeout,-1,"['collkeymax', 'collmmax', 'n_reuse_2']"
k2_is_secret_use_induction ,timeout,-1,"['collkeymax', 'colln', 'colladmax', 'n_reuse_2', 'reveal_nad']"
k2_is_secret_use_induction ,timeout,-1,"['collkeymax', 'colln', 'colladmax', 'n_reuse_2']"
k2_is_secret_use_induction ,timeout,-1,"['collkeymax', 'colln', 'n_reuse_2', 'reveal_nad']"
k2_is_secret_use_induction ,timeout,-1,"['collkeymax', 'colln', 'n_reuse_2']"
k2_is_secret_use_induction ,timeout,-1,"['collkeymax', 'collnmax', 'colladmax', 'n_reuse_2', 'reveal_nad']"
k2_is_secret_use_induction ,timeout,-1,"['collkeymax', 'collnmax', 'colladmax', 'n_reuse_2']"
k2_is_secret_use_induction ,timeout,-1,"['collkeymax', 'collnmax', 'n_reuse_2', 'reveal_nad']"
k2_is_secret_use_induction ,timeout,-1,"['collkeymax', 'collnmax', 'n_reuse_2']"
k2_is_secret_use_induction ,timeout,-1,"['collkeymax', 'colladmax', 'n_reuse_2', 'reveal_nad']"
k2_is_secret_use_induction ,timeout,-1,"['collkeymax', 'colladmax', 'n_reuse_2']"
k2_is_secret_use_induction ,timeout,-1,"['collkeymax', 'n_reuse_2', 'reveal_nad']"
k2_is_secret_use_induction ,timeout,-1,"['collkeymax', 'n_reuse_2']"
k2_is_secret_use_induction ,timeout,-1,"['collmmax', 'colln', 'colladmax', 'n_reuse_2', 'reveal_nad']"
k2_is_secret_use_induction ,timeout,-1,"['collmmax', 'colln', 'colladmax', 'n_reuse_2']"
k2_is_secret_use_induction ,timeout,-1,"['collmmax', 'colln', 'n_reuse_2', 'reveal_nad']"
k2_is_secret_use_induction ,timeout,-1,"['collmmax', 'colln', 'n_reuse_2']"
k2_is_secret_use_induction ,timeout,-1,"['collmmax', 'collnmax', 'colladmax', 'n_reuse_2', 'reveal_nad']"
k2_is_secret_use_induction ,timeout,-1,"['collmmax', 'collnmax', 'colladmax', 'n_reuse_2']"
k2_is_secret_use_induction ,timeout,-1,"['collmmax', 'collnmax', 'n_reuse_2', 'reveal_nad']"
k2_is_secret_use_induction ,timeout,-1,"['collmmax', 'collnmax', 'n_reuse_2']"
k2_is_secret_use_induction ,timeout,-1,"['collmmax', 'colladmax', 'n_reuse_2', 'reveal_nad']"
k2_is_secret_use_induction ,timeout,-1,"['collmmax', 'colladmax', 'n_reuse_2']"
k2_is_secret_use_induction ,timeout,-1,"['collmmax', 'n_reuse_2', 'reveal_nad']"
k2_is_secret_use_induction ,timeout,-1,"['collmmax', 'n_reuse_2']"
k2_is_secret_use_induction ,timeout,-1,"['colln', 'colladmax', 'n_reuse_2', 'reveal_nad']"
k2_is_secret_use_induction ,timeout,-1,"['colln', 'colladmax', 'n_reuse_2']"
k2_is_secret_use_induction ,timeout,-1,"['colln', 'n_reuse_2', 'reveal_nad']"
k2_is_secret_use_induction ,timeout,-1,"['colln', 'n_reuse_2']"
k2_is_secret_use_induction ,timeout,-1,"['collnmax', 'colladmax', 'n_reuse_2', 'reveal_nad']"
k2_is_secret_use_induction ,timeout,-1,"['collnmax', 'colladmax', 'n_reuse_2']"
k2_is_secret_use_induction ,timeout,-1,"['collnmax', 'n_reuse_2', 'reveal_nad']"
k2_is_secret_use_induction ,timeout,-1,"['collnmax', 'n_reuse_2']"
k2_is_secret_use_induction ,timeout,-1,"['colladmax', 'n_reuse_2', 'reveal_nad']"
k2_is_secret_use_induction ,timeout,-1,"['colladmax', 'n_reuse_2']"
k2_is_secret_use_induction ,False,12,['n_reuse_1']
k2_is_secret_use_induction ,timeout,-1,"['n_reuse_2', 'reveal_nad']"
k2_is_secret_use_induction ,timeout,-1,['n_reuse_2']
